station,name,lat,lon,"last date",sum,02/24/2021,02/25/2021,02/26/2021,02/27/2021,02/28/2021,03/01/2021,03/02/2021
88119,"ACHERON RIVER @ TAGGERTY",-37.3167,145.7167,03/02/2021,0,0,0,0,0,0,0,0
90180,"AIREYS INLET",-38.4583,144.0883,03/02/2021,2.2,1.4,0,0.6,0,0,0,0.2
83095,"ANGLERS REST (BUNDARRAH VALLEY)",-37.0004,147.4110,03/02/2021,0,0,0,0,0,0,0,0
76000,ANNUELLO,-34.8497,142.7807,03/02/2021,0,0,0,0,0,0,0,0
79071,"APSLEY (POST OFFICE)",-36.9681,141.0834,03/02/2021,0.5,0,0,0.5,0,0,0,0
89085,"ARARAT PRISON",-37.2769,142.9786,03/02/2021,1.2,0,0,1.2,0,0,0,0
83000,ARCHERTON,-36.9064,146.2389,03/02/2021,0.2,0,0,0.2,0,0,0,0
87113,"AVALON AIRPORT",-38.0288,144.4783,03/02/2021,0.6,0.4,0,0.2,0,0,0,0
81063,AVOCA,-37.0833,143.4833,03/02/2021,0,0,0,0,0,0,0,0
85276,"AVON RIVER @ THE CHANNEL",-37.8039,146.8842,03/02/2021,1.4,0.8,0.2,0.2,0.2,0,0,0
84147,"BAIRNSDALE (MITCHELL RIVER @ ROSEHILL)",-37.8164,147.5714,03/02/2021,0.8,0.2,0,0.4,0.2,0,0,0
85279,"BAIRNSDALE AIRPORT",-37.8818,147.5669,03/02/2021,0.4,0,0,0.4,0,0,0,0
83077,"BALD HILL",-37.0322,146.3508,03/02/2021,0,0,0,0,0,0,0,0
87006,BALLAN,-37.6018,144.2295,03/02/2021,2.8,0,0,2.8,0,0,0,0
89002,"BALLARAT AERODROME",-37.5127,143.7911,03/02/2021,1,0,0,1,0,0,0,0
89003,"BALMORAL (POST OFFICE)",-37.2472,141.8415,03/02/2021,0,0,0,0,0,0,0,0
85007,BALOOK,-38.4307,146.5398,03/02/2021,8,0,0.2,6,0,0,0.2,1.6
87147,"BANNOCKBURN (HILLSIDE)",-38.0428,144.2129,03/02/2021,0,0,0,0,0,0,0,0
82000,BARNAWARTHA,-36.1135,146.6841,03/02/2021,0,0,0,0,0,0,0,0
87135,"BARWON HEADS GOLF CLUB",-38.2830,144.4784,03/02/2021,3,1,0,2,0,0,0,0
89005,BEAUFORT,-37.4483,143.3657,03/02/2021,2,0,0,2,0,0,0,0
89082,"BEAUFORT (SHEEPWASH)",-37.5042,143.2792,03/02/2021,0,0,0,0,0,0,0,0
90005,"BEEAC (POST OFFICE)",-38.1954,143.6399,03/02/2021,0,0,0,0,0,0,0,0
82170,"BENALLA AIRPORT",-36.5522,145.9977,03/02/2021,0,0,0,0,0,0,0,0
81123,"BENDIGO AIRPORT",-36.7411,144.3275,03/02/2021,0,0,0,0,0,0,0,0
90188,BENWERRIN,-38.4831,143.9142,03/02/2021,3,0.6,0,1.4,0,0,0,1
87017,BLACKWOOD,-37.4677,144.3075,03/02/2021,1.5,0,0,0,1.5,0,0,0
82166,"BLOOMFIELD PARK (EVERTON)",-36.4186,146.5572,03/02/2021,0,0,0,0,0,0,0,0
82084,"BOHO (HONEYSUCKLE CK U/S VIOLET TOWN)",-36.7136,145.7603,03/02/2021,0,0,0,0,0,0,0,0
86210,"BONBEACH (CARRUM (PATTERSON RIVER COUNTR",-38.0651,145.1294,03/02/2021,0,0,0,0,0,0,0,0
85030,"BOOLARRA SOUTH",-38.4455,146.2699,03/02/2021,6.3,0,0,4.8,0.1,0,0,1.4
90187,BOONAH,-38.4115,143.9771,03/02/2021,4.2,0,0,3.4,0,0,0.2,0.6
87184,"BREAKWATER (GEELONG RACECOURSE)",-38.1737,144.3765,03/02/2021,0.8,0,0,0.2,0.2,0,0,0.4
85168,BRIAGOLONG,-37.8345,147.0819,03/02/2021,0,0,0,0,0,0,0,0
76103,BRONZEWING,-35.1890,142.3725,03/02/2021,0,0,0,0,0,0,0,0
84003,"BRUTHEN (POST OFFICE)",-37.7073,147.8314,03/02/2021,0,0,0,0,0,0,0,0
84109,"BUCHAN (SNOWY RIVER AT D/S BASIN CREEK)",-37.5006,148.2717,03/02/2021,0.2,0.2,0,0,0,0,0,0
88071,"BULLARTO SOUTH",-37.4181,144.2133,03/02/2021,1.8,0,0.2,1.2,0.2,0,0.2,0
87075,"BULLENGAROOK EAST",-37.4827,144.5094,03/02/2021,0,0,0,0,0,0,0,0
84097,BULLUMWAAL,-37.6778,147.5500,03/02/2021,1.4,1.2,0,0,0,0.2,0,0
85179,"BULN BULN",-38.1036,145.9573,03/02/2021,0,0,0,0,0,0,0,0
86351,"BUNDOORA (LATROBE UNIVERSITY)",-37.7163,145.0453,03/02/2021,0,0,0,0,0,0,0,0
81087,"BUNGEET (HIGHLANDS)",-36.2567,146.0433,03/02/2021,0,0,0,0,0,0,0,0
87176,BURNSIDE,-37.7569,144.7511,03/02/2021,0,0,0,0,0,0,0,0
88009,"CAIRN CURRAN RESERVOIR",-36.9886,143.9747,03/02/2021,0,0,0,0,0,0,0,0
90181,CAMPERDOWN,-38.2410,143.1393,03/02/2021,2,0,0,2,0,0,0,0
80004,"CANARY ISLAND",-35.9746,143.8520,03/02/2021,0,0,0,0,0,0,0,0
81007,CANIAMBO,-36.4565,145.6569,03/02/2021,0,0,0,0,0,0,0,0
84112,"CANN RIVER",-37.5656,149.1504,03/02/2021,1.6,0,0,1.6,0,0,0,0
90184,"CAPE NELSON LIGHTHOUSE",-38.4306,141.5437,03/02/2021,1.2,0,0.6,0.2,0.2,0,0,0.2
90015,"CAPE OTWAY LIGHTHOUSE",-38.8556,143.5128,03/02/2021,3.4,0.2,0.4,2.2,0,0,0,0.6
86393,"CAPE SCHANCK",-38.4617,144.9019,03/02/2021,1,0,0,1,0,0,0,0
82163,"CARBOOR UPPER",-36.6364,146.5547,03/02/2021,0,0,0,0,0,0,0,0
90182,CASTERTON,-37.5831,141.3340,03/02/2021,1.6,0,0,1.6,0,0,0,0
88110,"CASTLEMAINE PRISON",-37.0809,144.2391,03/02/2021,0,0,0,0,0,0,0,0
89009,"CAVENDISH (POST OFFICE)",-37.5267,142.0414,03/02/2021,0.6,0,0,0.6,0,0,0,0
86361,CERBERUS,-38.3646,145.1785,03/02/2021,3.2,0.4,0,0.2,0,0,0.2,2.4
80128,CHARLTON,-36.2846,143.3341,03/02/2021,0,0,0,0,0,0,0,0
80067,"CHARLTON (DONALD ST)",-36.2715,143.3450,03/02/2021,0,0,0,0,0,0,0,0
86020,"CHELTENHAM KINGSTON CENTRE",-37.9550,145.0783,03/02/2021,0.1,0,0,0.1,0,0,0,0
82010,"CHILTERN (POST OFFICE)",-36.1491,146.6106,03/02/2021,0,0,0,0,0,0,0,0
84009,"CLUB TERRACE",-37.5414,148.9386,03/02/2021,2,0,0,0,0,0,0,2
88015,CLUNES,-37.3049,143.7776,03/02/2021,0.6,0,0,0.6,0,0,0,0
90021,"COBDEN (POST OFFICE)",-38.3291,143.0779,03/02/2021,2,0,0,0,0,0,0,2
80109,"COBRAM (GOULBURN MURRAY)",-35.9119,145.6447,03/02/2021,0,0,0,0,0,0,0,0
90035,"COLAC (MOUNT GELLIBRAND)",-38.2332,143.7924,03/02/2021,0.6,0,0,0.2,0,0.2,0.2,0
90147,"COLAC (SHIRE OFFICE)",-38.3427,143.5848,03/02/2021,1.4,0,0,0.2,0,0,0.2,1
90022,"COLAC AIRPORT",-38.2798,143.6613,03/02/2021,0,0,0,0,0,0,0,0
81008,COLBINABBIN,-36.5421,144.7751,03/02/2021,0,0,0,0,0,0,0,0
86383,COLDSTREAM,-37.7239,145.4092,03/02/2021,0,0,0,0,0,0,0,0
84143,"COMBIENBAR AWS",-37.3416,149.0227,03/02/2021,0.2,0,0.2,0,0,0,0,0
85301,"CORNER INLET (YANAKIE)",-38.8051,146.1936,03/02/2021,0,0,0,0,0,0,0,0
82169,"CORRYONG AIRPORT",-36.1826,147.8942,03/02/2021,1.2,0,1.2,0,0,0,0,0
89010,CRESSY,-38.0296,143.6330,03/02/2021,1.2,0,0,1.2,0,0,0,0
84012,DARGO,-37.4522,147.2506,03/02/2021,0,0,0,0,0,0,0,0
85160,"DARRIMAN (TARRALANGI)",-38.4191,146.9656,03/02/2021,4.4,0,3,0,0,0,0,1.4
90194,DARTMOOR,-37.9222,141.2614,03/02/2021,1,0,0,1,0,0,0,0
82076,"DARTMOUTH RESERVOIR",-36.5352,147.4984,03/02/2021,0,0,0,0,0,0,0,0
88020,DAYLESFORD,-37.3432,144.1575,03/02/2021,0,0,0,0,0,0,0,0
82090,DEDERANG,-36.4793,147.0297,03/02/2021,0,0,0,0,0,0,0,0
89103,"DERRINALLUM (CRAIGMORE)",-37.9708,143.2189,03/02/2021,0.8,0,0,0.8,0,0,0,0
89074,"DERRINALLUM (POST OFFICE)",-37.9477,143.2222,03/02/2021,1.6,0,0,1.6,0,0,0,0
78010,DIMBOOLA,-36.4644,142.0327,03/02/2021,0,0,0,0,0,0,0,0
78072,DONALD,-36.3611,143.0038,03/02/2021,0,0,0,0,0,0,0,0
81085,DUNOLLY,-36.8593,143.7295,03/02/2021,0,0,0,0,0,0,0,0
85072,"EAST SALE",-38.1156,147.1322,03/02/2021,1.2,0,0,1.2,0,0,0,0
85314,"EAST SALE AIRPORT",-38.1017,147.1399,03/02/2021,1,0,0,0.8,0.2,0,0,0
80015,"ECHUCA AERODROME",-36.1648,144.7643,03/02/2021,0,0,0,0,0,0,0,0
79099,"EDENHOPE AIRPORT",-37.0222,141.2657,03/02/2021,0,0,0,0,0,0,0,0
82158,"EDI UPPER (BLACK RANGE TROUT FARM)",-36.7478,146.5362,03/02/2021,0,0,0,0,0,0,0,0
88164,"EILDON FIRE TOWER",-37.2091,145.8423,03/02/2021,0,0,0,0,0,0,0,0
82015,ELDORADO,-36.3084,146.5229,03/02/2021,0,0,0,0,0,0,0,0
81016,ELMORE,-36.4956,144.6083,03/02/2021,0,0,0,0,0,0,0,0
86035,ELTHAM,-37.7004,145.1550,03/02/2021,1.2,0,0,1.2,0,0,0,0
84015,ENSAY,-37.3757,147.8373,03/02/2021,0,0,0,0,0,0,0,0
81083,"EPPALOCK RESERVOIR",-36.8465,144.5273,03/02/2021,0,0,0,0,0,0,0,0
85238,"ERICA (PARKERS CORNER)",-37.9532,146.3896,03/02/2021,10,0,0,8.4,0,0,0,1.6
86038,"ESSENDON AIRPORT",-37.7276,144.9066,03/02/2021,1.6,1.2,0,0.2,0.2,0,0,0
82016,EUROA,-36.7569,145.5660,03/02/2021,0,0,0,0,0,0,0,0
82149,"EUROA (CASTLE CK AT TELFORD BRIDGE)",-36.7858,145.5683,03/02/2021,0,0,0,0,0,0,0,0
83010,EUROBIN,-36.6344,146.8628,03/02/2021,0,0,0,0,0,0,0,0
83084,"FALLS CREEK",-36.8708,147.2755,03/02/2021,0.2,0,0.2,0,0,0,0,0
83043,"FALLS CREEK (ROCKY VALLEY)",-36.8756,147.2886,03/02/2021,0,0,0,0,0,0,0,0
86266,"FERNY CREEK",-37.8748,145.3497,03/02/2021,6.6,0,0,6.4,0,0,0.2,0
86388,"FRANKSTON (BALLAM PARK)",-38.1516,145.1615,03/02/2021,0,0,0,0,0,0,0,0
84016,"GABO ISLAND LIGHTHOUSE",-37.5679,149.9158,03/02/2021,2.8,0,2.6,0.2,0,0,0,0
84142,GELANTIPY,-37.2200,148.2626,03/02/2021,0,0,0,0,0,0,0,0
84122,"GENOA (FOOLS HAVEN)",-37.4772,149.6386,03/02/2021,0,0,0,0,0,0,0,0
85033,GIFFARD,-38.4228,147.0864,03/02/2021,4,0,0,4,0,0,0,0
88154,"GLENBURN (HIGHWOOD TBRG)",-37.3908,145.4768,03/02/2021,0.4,0,0.4,0,0,0,0,0
85034,"GLENMAGGIE WEIR",-37.9085,146.8046,03/02/2021,0,0,0,0,0,0,0,0
87162,"GNARWARRE (BARWON RIVER AT POLLOCKSFORD)",-38.1435,144.1872,03/02/2021,0.2,0,0,0.2,0,0,0,0
82145,"GOORAM (HILLSIDE)",-36.8753,145.5783,03/02/2021,0,0,0,0,0,0,0,0
82146,"GOORAM (MORELLA)",-36.9322,145.5842,03/02/2021,0,0,0,0,0,0,0,0
79017,"GOROKE (POST OFFICE)",-36.7181,141.4729,03/02/2021,0.2,0,0,0.2,0,0,0,0
88126,"GOULBURN RIVER @ SEYMOUR",-37.0213,145.1091,03/02/2021,0,0,0,0,0,0,0,0
79103,"GRAMPIANS (MOUNT WILLIAM)",-37.2950,142.6039,03/02/2021,2.6,0,0.2,2.4,0,0,0,0
79019,"GREAT WESTERN (SEPPELT)",-37.1847,142.8553,03/02/2021,0,0,0,0,0,0,0,0
86305,"GREENVALE RESERVOIR",-37.6369,144.9073,03/02/2021,0.6,0.2,0,0.4,0,0,0,0
82167,"GRETA WEST",-36.5344,146.2181,03/02/2021,0,0,0,0,0,0,0,0
90183,"HAINES JUNCTION (MOUNT SABINE)",-38.6286,143.7306,03/02/2021,11.2,0.8,0,5.8,0,0.2,0,4.4
83058,"HALLS (BUCKLAND RIVER AT TWELVE MILE)",-36.8547,146.8581,03/02/2021,0,0,0,0,0,0,0,0
90173,"HAMILTON AIRPORT",-37.6486,142.0636,03/02/2021,0.8,0,0,0.8,0,0,0,0
88029,HEATHCOTE,-36.9589,144.7010,03/02/2021,0,0,0,0,0,0,0,0
82155,"HOLLAND CK AT WRIGHTLEY",-36.8211,146.1278,03/02/2021,0,0,0,0,0,0,0,0
77010,"HOPETOUN AIRPORT",-35.7151,142.3569,03/02/2021,0,0,0,0,0,0,0,0
79100,"HORSHAM AERODROME",-36.6697,142.1731,03/02/2021,0,0,0,0,0,0,0,0
83094,"HOWITT PLAINS (HIGH RIDGE)",-37.2236,146.6021,03/02/2021,0,0,0,0,0,0,0,0
82139,"HUNTERS HILL",-36.2137,147.5395,03/02/2021,0,0,0,0,0,0,0,0
82172,"HUON (BARKLEYS CAMP)",-36.2491,147.0954,03/02/2021,0,0,0,0,0,0,0,0
82128,"HURDLE CK AT BOBINAWARRAH",-36.5131,146.4483,03/02/2021,0.2,0,0,0,0.2,0,0,0
82021,INDIGO,-36.0964,146.6008,03/02/2021,0,0,0,0,0,0,0,0
81020,"INGLEWOOD (POST OFFICE)",-36.5753,143.8695,03/02/2021,0,0,0,0,0,0,0,0
83091,"JAMIESON LICOLA RD",-37.3016,146.1489,03/02/2021,0,0,0,0,0,0,0,0
85307,"JEERALANG NORTH",-38.3545,146.4379,03/02/2021,3.2,0.2,0,2.6,0.2,0,0,0.2
78086,JEPARIT,-36.1400,141.9878,03/02/2021,0,0,0,0,0,0,0,0
85042,JINDIVICK,-38.0280,145.9001,03/02/2021,2.4,0,0,2.4,0,0,0,0
79097,KANAGULK,-37.1169,141.8031,03/02/2021,0.2,0,0,0.2,0,0,0,0
78018,"KELLALAC (WARRACKNABEAL AIRPORT)",-36.3204,142.4161,03/02/2021,0,0,0,0,0,0,0,0
82144,"KELVIN VIEW (WATERHOUSE RESERVOIR)",-36.8167,145.6400,03/02/2021,0,0,0,0,0,0,0,0
80023,KERANG,-35.7236,143.9196,03/02/2021,0,0,0,0,0,0,0,0
80024,"KERANG (MERAN DOWNS)",-35.8674,143.8007,03/02/2021,0,0,0,0,0,0,0,0
86374,"KINGLAKE WEST",-37.4652,145.2637,03/02/2021,5.4,0,0,4,0,0,0,1.4
88060,"KINGLAKE WEST (WALLABY CREEK)",-37.4475,145.2143,03/02/2021,6,0,0.2,4.4,0.2,0,0.2,1
82153,"KITHBROOK (BALQUHAIN)",-36.8206,145.7050,03/02/2021,0,0,0,0,0,0,0,0
85299,"KOORNALLA TRARALGON CK RD",-38.3232,146.5318,03/02/2021,0,0,0,0,0,0,0,0
80027,"KORONG VALE (BURNBANK)",-36.3203,143.7350,03/02/2021,0,0,0,0,0,0,0,0
80091,KYABRAM,-36.3350,145.0638,03/02/2021,0,0,0,0,0,0,0,0
77025,"LAKE BOGA",-35.4609,143.6286,03/02/2021,0,0,0,0,0,0,0,0
83079,"LAKE BUFFALO",-36.7142,146.6714,03/02/2021,0,0,0,0,0,0,0,0
88023,"LAKE EILDON",-37.2313,145.9124,03/02/2021,0,0,0,0,0,0,0,0
84045,"LAKE TYERS",-37.8526,148.0638,03/02/2021,0,0,0,0,0,0,0,0
84150,"LAKES ENTRANCE (EASTERN BEACH ROAD)",-37.8717,148.0060,03/02/2021,1.6,0,0,1.6,0,0,0,0
87029,LANCEFIELD,-37.2698,144.7230,03/02/2021,0,0,0,0,0,0,0,0
87031,"LAVERTON RAAF",-37.8565,144.7565,03/02/2021,1.4,0.4,0,1,0,0,0,0
89104,"LEIGH RIVER @ MOUNT MERCER",-37.8128,143.9178,03/02/2021,2.2,0,0,2,0,0,0.2,0
82140,"LIMA EAST (CHARNWOOD)",-36.8542,145.9381,03/02/2021,0,0,0,0,0,0,0,0
82107,"LIMA SOUTH (LAKE NILLAHCOOTIE)",-36.8550,146.0046,03/02/2021,0,0,0,0,0,0,0,0
76133,"LINDSAY POINT",-34.1051,141.0166,03/02/2021,0,0,0,0,0,0,0,0
89018,"LISMORE (POST OFFICE)",-37.9543,143.3437,03/02/2021,0.6,0,0,0.6,0,0,0,0
79028,LONGERENONG,-36.6722,142.2991,03/02/2021,0,0,0,0,0,0,0,0
90185,"LORNE (MOUNT COWLEY)",-38.5497,143.8594,03/02/2021,5,1.4,0,2.2,0,0,0,1.4
85053,MADALYA,-38.5061,146.5186,03/02/2021,9.2,0,0,0,6.8,0.2,0,2.2
86264,"MAIN RIDGE",-38.4059,144.9520,03/02/2021,5.4,0,0,0,5.4,0,0,0
84084,MALLACOOTA,-37.5976,149.7289,03/02/2021,0.6,0,0.4,0.2,0,0,0,0
88109,"MANGALORE AIRPORT",-36.8886,145.1859,03/02/2021,0,0,0,0,0,0,0,0
83019,"MANSFIELD (POST OFFICE)",-37.0525,146.0872,03/02/2021,0,0,0,0,0,0,0,0
84023,MARLO,-37.7864,148.5456,03/02/2021,0,0,0,0,0,0,0,0
88043,MARYBOROUGH,-37.0560,143.7320,03/02/2021,0,0,0,0,0,0,0,0
88103,"MARYSVILLE GOLF COURSE",-37.4958,145.7475,03/02/2021,0.6,0,0,0.6,0,0,0,0
86338,"MELBOURNE (OLYMPIC PARK)",-37.8255,144.9816,03/02/2021,0.4,0,0,0.4,0,0,0,0
86282,"MELBOURNE AIRPORT",-37.6654,144.8322,03/02/2021,0.6,0.2,0.2,0.2,0,0,0,0
86232,"MELBOURNE BOTANICAL GARDENS",-37.8309,144.9839,03/02/2021,0,0,0,0,0,0,0,0
87042,MEREDITH,-37.8344,144.0635,03/02/2021,0,0,0,0,0,0,0,0
87043,"MEREDITH (DARRA)",-37.8197,144.1492,03/02/2021,0,0,0,0,0,0,0,0
90057,MERINO,-37.7200,141.5489,03/02/2021,1.6,0,0,1.6,0,0,0,0
82147,"MERTON (ENDERLEE)",-36.9217,145.6769,03/02/2021,0,0,0,0,0,0,0,0
82029,"MILAWA BROWN BROS",-36.4560,146.4299,03/02/2021,0,0,0,0,0,0,0,0
76031,"MILDURA AIRPORT",-34.2358,142.0867,03/02/2021,0,0,0,0,0,0,0,0
80036,MINCHA,-35.9681,144.1073,03/02/2021,0,0,0,0,0,0,0,0
89019,"MIRRANATWA (BOWACKA)",-37.4043,142.3843,03/02/2021,0.2,0,0,0.2,0,0,0,0
86074,MITCHAM,-37.8219,145.1906,03/02/2021,1,0,0,1,0,0,0,0
85270,"MITCHELL RIVER @ GLENALADALE",-37.7647,147.3744,03/02/2021,0,0,0,0,0,0,0,0
82068,"MITTA MITTA",-36.5293,147.3748,03/02/2021,0,0,0,0,0,0,0,0
85309,"MOE SOUTH",-38.2186,146.2487,03/02/2021,0.8,0,0,0.6,0,0,0,0.2
88064,"MOLLISONS CK AT PYALONG",-37.1225,144.8561,03/02/2021,0,0,0,0,0,0,0,0
86072,"MONBULK (SPRING ROAD)",-37.8808,145.4231,03/02/2021,5.4,0,0,5.4,0,0,0,0
86077,"MOORABBIN AIRPORT",-37.9800,145.0962,03/02/2021,0.4,0,0,0.4,0,0,0,0
87068,"MOORABOOL RIVER AT LAL LAL",-37.6450,144.0411,03/02/2021,1.8,0,0,1.6,0.2,0,0,0
81034,MOOROOPNA,-36.3989,145.3448,03/02/2021,0,0,0,0,0,0,0,0
90176,"MORTLAKE RACECOURSE",-38.0737,142.7744,03/02/2021,0.8,0,0,0.4,0,0,0,0.4
85280,"MORWELL (LATROBE VALLEY AIRPORT)",-38.2094,146.4746,03/02/2021,3.2,0,0,2.2,0.2,0,0,0.8
85291,"MOUNT BAW BAW",-37.8384,146.2747,03/02/2021,32.6,0,0,21.2,0,0,0,11.4
85063,"MOUNT BEST (UPPER TOORA)",-38.6078,146.3185,03/02/2021,8.8,0,0,6.4,0,0,0,2.4
83073,"MOUNT BUFFALO CHALET",-36.7220,146.8189,03/02/2021,0,0,0,0,0,0,0,0
83024,"MOUNT BULLER",-37.1450,146.4394,03/02/2021,0,0,0,0,0,0,0,0
84152,"MOUNT DELEGATE",-37.1125,148.8974,03/02/2021,0.2,0,0,0.2,0,0,0,0
83085,"MOUNT HOTHAM",-36.9772,147.1342,03/02/2021,0,0,0,0,0,0,0,0
85296,"MOUNT MOORNAPA",-37.7481,147.1428,03/02/2021,1.8,0.2,0,1.6,0,0,0,0
84144,"MOUNT NOWA NOWA",-37.6924,148.0908,03/02/2021,2,0.2,0,1.6,0,0,0.2,0
85288,"MOUNT TAMBORITHA",-37.4667,146.6883,03/02/2021,0.2,0,0,0.2,0,0,0,0
85021,"MOUNT USEFUL",-37.7000,146.5167,03/02/2021,5.8,2,0,3.2,0.4,0,0,0.2
86297,"MOUNT WAVERLEY (RIVERSDALE GOLF CLUB)",-37.8722,145.1160,03/02/2021,0,0,0,0,0,0,0,0
85304,"MOUNT WELLINGTON",-37.4967,146.8575,03/02/2021,0.8,0.8,0,0,0,0,0,0
83093,"MT SUNDAY",-37.3399,146.4242,03/02/2021,0,0,0,0,0,0,0,0
85289,"MURDERERS HILL",-37.8514,146.5550,03/02/2021,6.4,2.6,0,2.8,0.2,0,0,0.8
76038,MURRAYVILLE,-35.2628,141.1789,03/02/2021,0,0,0,0,0,0,0,0
82156,"MYRHEE (HANDCOCKS)",-36.7903,146.2800,03/02/2021,0,0,0,0,0,0,0,0
82116,"MYRRHEE (BOGGY CK AT ANGLESIDE)",-36.6083,146.3583,03/02/2021,0,0,0,0,0,0,0,0
81019,"NAGAMBIE (GOULBURN WEIR)",-36.7180,145.1731,03/02/2021,0,0,0,0,0,0,0,0
79036,NATIMUK,-36.7416,141.9429,03/02/2021,0,0,0,0,0,0,0,0
87175,"NEWHAM (COBAW)",-37.2732,144.5974,03/02/2021,0,0,0,0,0,0,0,0
78015,"NHILL AERODROME",-36.3093,141.6486,03/02/2021,0,0,0,0,0,0,0,0
84140,"NICHOLSON WINERY",-37.7962,147.7559,03/02/2021,0,0,0,0,0,0,0,0
85313,"NILMA NORTH (WARRAGUL)",-38.1321,145.9865,03/02/2021,2.8,0.2,0,1.8,0,0,0,0.8
77079,NINYEUNOOK,-36.0086,143.3719,03/02/2021,0,0,0,0,0,0,0,0
90060,NULLAWARRE,-38.4699,142.7502,03/02/2021,3,0,0,2.4,0,0,0,0.6
86088,"OAKLEIGH (METROPOLITAN GOLF CLUB)",-37.9142,145.0935,03/02/2021,1.4,0,0,1.4,0,0,0,0
83090,OMEO,-37.1017,147.6008,03/02/2021,0,0,0,0,0,0,0,0
84145,ORBOST,-37.6922,148.4667,03/02/2021,0.8,0,0,0.8,0,0,0,0
76047,"OUYEN (POST OFFICE)",-35.0681,142.3125,03/02/2021,0,0,0,0,0,0,0,0
82112,"OVENS RIVER @ EUROBIN",-36.6533,146.8567,03/02/2021,0,0,0,0,0,0,0,0
83001,"OVENS RIVER @ HARRIETVILLE",-36.8799,147.0620,03/02/2021,0,0,0,0,0,0,0,0
79107,"PATYAH (BOOROOPKI)",-36.8128,141.2592,03/02/2021,0.4,0,0,0.4,0,0,0,0
90063,"PENSHURST (POST OFFICE)",-37.8750,142.2895,03/02/2021,0.8,0,0,0.8,0,0,0,0
90171,"PORTLAND (CASHMORE AIRPORT)",-38.3148,141.4705,03/02/2021,2.2,0,0.2,1.2,0,0,0.2,0.6
85099,"POUND CREEK",-38.6297,145.8107,03/02/2021,2.2,0,0,1.8,0,0,0,0.4
86096,"PRESTON RESERVOIR",-37.7214,145.0059,03/02/2021,0.8,0,0,0.6,0.2,0,0,0
88167,"PUCKAPUNYAL LYON HILL (DEFENCE)",-36.9381,145.0539,03/02/2021,0,0,0,0,0,0,0,0
88166,"PUCKAPUNYAL WEST (DEFENCE)",-37.0177,144.8546,03/02/2021,0,0,0,0,0,0,0,0
79101,"PYRENEES (BEN NEVIS)",-37.2281,143.2006,03/02/2021,1.6,0,0,1.6,0,0,0,0
77034,"QUAMBATOOK SOUTH",-35.9296,143.4992,03/02/2021,0,0,0,0,0,0,0,0
88051,REDESDALE,-37.0194,144.5203,03/02/2021,0,0,0,0,0,0,0,0
85303,"REEVES KNOB",-37.5325,147.0053,03/02/2021,2.2,1.2,0,1,0,0,0,0
86373,RHYLL,-38.4612,145.3101,03/02/2021,1.6,0,0.2,0.8,0,0,0,0.6
80049,ROCHESTER,-36.3612,144.7110,03/02/2021,0,0,0,0,0,0,0,0
89068,ROKEWOOD,-37.9022,143.7225,03/02/2021,0,0,0,0,0,0,0,0
86213,"ROSEBUD (COUNTRY CLUB)",-38.3782,144.8984,03/02/2021,1.8,0,0,0,0,0,0,1.8
82162,"ROSEWHITE FLD",-36.5775,146.8203,03/02/2021,0,0,0,0,0,0,0,0
79075,"RUPANYUP (POST OFFICE)",-36.6287,142.6321,03/02/2021,0,0,0,0,0,0,0,0
81120,"RUSHWORTH (RAGLUS)",-36.5832,145.0122,03/02/2021,0,0,0,0,0,0,0,0
82039,"RUTHERGLEN RESEARCH",-36.1048,146.5094,03/02/2021,0,0,0,0,0,0,0,0
86104,"SCORESBY RESEARCH INSTITUTE",-37.8710,145.2561,03/02/2021,2.6,0,0,2.6,0,0,0,0
77039,"SEA LAKE (POST OFFICE)",-35.5046,142.8493,03/02/2021,0,0,0,0,0,0,0,0
82154,"SEVEN CREEKS AT D/S POLLY MCQUINNS WEIR",-36.8892,145.6814,03/02/2021,0,0,0,0,0,0,0,0
82151,"SEVEN CREEKS AT STRATHBOGIE",-36.8628,145.7333,03/02/2021,0,0,0,0,0,0,0,0
82143,"SHEANS CREEK (HERONSLEA)",-36.7861,145.6581,03/02/2021,0,0,0,0,0,0,0,0
87168,SHEOAKS,-37.9075,144.1303,03/02/2021,0.6,0,0,0.6,0,0,0,0
81125,"SHEPPARTON AIRPORT",-36.4288,145.3949,03/02/2021,0,0,0,0,0,0,0,0
89025,"SKIPTON (GOLF COURSE)",-37.6901,143.3704,03/02/2021,0,0,0,0,0,0,0,0
82031,"SNOWY CREEK (SNOWY CK D/S LIGHTNING CREE",-36.6625,147.4319,03/02/2021,0,0,0,0,0,0,0,0
84126,"SNOWY RIVER AT MCKILLOPS BRIDGE",-37.0830,148.4141,03/02/2021,0,0,0,0,0,0,0,0
86369,"SPRINGVALE (SANDOWN)",-37.9535,145.1655,03/02/2021,1,0,1,0,0,0,0,0
86111,"SPRINGVALE NECROPOLIS",-37.9445,145.1764,03/02/2021,0,0,0,0,0,0,0,0
79040,"ST ARNAUD",-36.6175,143.2644,03/02/2021,0,0,0,0,0,0,0,0
80131,"ST ARNAUD (COONOOER BRIDGE (YAWONG))",-36.4442,143.3061,03/02/2021,0,0,0,0,0,0,0,0
81046,STANHOPE,-36.4436,144.9840,03/02/2021,0,0,0,0,0,0,0,0
79105,"STAWELL AERODROME",-37.0720,142.7402,03/02/2021,0,0,0,0,0,0,0,0
85166,STRATFORD,-37.9582,147.0843,03/02/2021,0.2,0,0,0.2,0,0,0,0
82042,STRATHBOGIE,-36.8472,145.7308,03/02/2021,0,0,0,0,0,0,0,0
82165,"STUMP HILL (BARJARG)",-36.9502,146.0095,03/02/2021,0,0,0,0,0,0,0,0
77094,"SWAN HILL AERODROME",-35.3766,143.5416,03/02/2021,0,0,0,0,0,0,0,0
85302,"TAMBORITHA-MOROKA (SNOWY RANGE)",-37.2864,146.7188,03/02/2021,0,0,0,0,0,0,0,0
82046,"TANGAMBALANGA NE DAIRY",-36.2509,147.0263,03/02/2021,0,0,0,0,0,0,0,0
81049,"TATURA INST SUSTAINABLE AG",-36.4378,145.2672,03/02/2021,0,0,0,0,0,0,0,0
83038,TAWONGA,-36.6566,147.1283,03/02/2021,0,0,0,0,0,0,0,0
90077,TERANG,-38.2362,142.9166,03/02/2021,1.2,0,0,1.2,0,0,0,0
85308,"THORPDALE PEAK",-38.3053,146.2139,03/02/2021,6.2,0,0,3.8,0,0,0,2.4
82142,"TOLMIE (MOUNT TABLETOP REPEATER)",-36.9461,146.2197,03/02/2021,0,0,0,0,0,0,0,0
80056,TONGALA,-36.2507,144.9591,03/02/2021,0,0,0,0,0,0,0,0
82148,"TOO ROUR (MOROKO PARK)",-36.8278,145.8494,03/02/2021,0,0,0,0,0,0,0,0
86117,"TOOROURRONG RESERVOIR (TOOROURRONG)",-37.4770,145.1513,03/02/2021,1.6,0,0,1.2,0.4,0,0,0
85281,"TRARALGON CREEK AT KOORNALLA",-38.3245,146.5301,03/02/2021,1,0,0,0.8,0.2,0,0,0
85009,"TRARALGON EPA",-38.1951,146.5293,03/02/2021,1.4,0,0,1.4,0,0,0,0
77048,"ULTIMA (POST OFFICE)",-35.4699,143.2669,03/02/2021,0,0,0,0,0,0,0,0
82018,"UPLANDS (GIBBO RIVER PARK)",-36.7691,147.6956,03/02/2021,0,0,0,0,0,0,0,0
86377,"UPPER PLENTY",-37.4225,145.0752,03/02/2021,2.2,0,0,2.2,0,0,0,0
86068,VIEWBANK,-37.7408,145.0972,03/02/2021,1.4,0,0,0.8,0.2,0,0,0.4
86350,WALLAN,-37.4187,144.9770,03/02/2021,0,0,0,0,0,0,0,0
88162,"WALLAN (KILMORE GAP)",-37.3807,144.9654,03/02/2021,0.2,0,0,0,0.2,0,0,0
76064,"WALPEUP RESEARCH",-35.1201,142.0040,03/02/2021,0,0,0,0,0,0,0,0
82138,"WANGARATTA AERO",-36.4205,146.3056,03/02/2021,0,0,0,0,0,0,0,0
86090,"WARBURTON (O'SHANNASSY RESERVOIR (QUARTE",-37.7089,145.7855,03/02/2021,0,0,0,0,0,0,0,0
89084,"WARRAMBINE CK AT WARRAMBINE",-37.9333,143.8667,03/02/2021,0.8,0,0,0.8,0,0,0,0
90186,"WARRNAMBOOL AIRPORT NDB",-38.2867,142.4522,03/02/2021,1.2,0,0,0.6,0.2,0,0.4,0
80061,"WEDDERBURN (POST OFFICE)",-36.4183,143.6123,03/02/2021,0,0,0,0,0,0,0,0
84128,"WEERAGUA (CANN RIVER (EAST BRANCH) AT CH",-37.3564,149.2058,03/02/2021,0.6,0,0,0.4,0,0,0,0.2
76067,WERRIMULL,-34.3883,141.5954,03/02/2021,0,0,0,0,0,0,0,0
89112,WESTMERE,-37.7067,142.9378,03/02/2021,0.6,0,0,0.6,0,0,0,0
82105,"WHITFIELD (KING RIVER AT CHESHUNT)",-36.8314,146.3982,03/02/2021,0,0,0,0,0,0,0,0
83032,"WHITLANDS (BURDER'S LANE)",-36.8473,146.3225,03/02/2021,0,0,0,0,0,0,0,0
89033,WICKLIFFE,-37.6901,142.7253,03/02/2021,1,0,0,0.6,0,0,0,0.4
89034,"WILLAURA (MAIN STREET)",-37.5483,142.7393,03/02/2021,0,0,0,0,0,0,0,0
88010,"WILLOWMAVIN (AVALON STATION)",-37.2531,144.8614,03/02/2021,0,0,0,0,0,0,0,0
85096,"WILSONS PROMONTORY LIGHTHOUSE",-39.1297,146.4246,03/02/2021,12,0,0,9.2,0,2.4,0,0.4
90167,"WINCHELSEA (POST OFFICE)",-38.2430,143.9887,03/02/2021,0.4,0,0,0.4,0,0,0,0
82056,WODONGA,-36.1180,146.9061,03/02/2021,0,0,0,0,0,0,0,0
84118,"WONNANGATTA RIVER @ WATERFORD",-37.4900,147.1658,03/02/2021,0,0,0,0,0,0,0,0
86127,WONTHAGGI,-38.6078,145.5965,03/02/2021,3.2,0.4,0,2,0,0,0,0.8
88061,WOODEND,-37.3578,144.5390,03/02/2021,0.2,0.2,0,0,0,0,0,0
77052,WOOMELANG,-35.6803,142.6664,03/02/2021,0,0,0,0,0,0,0,0
78042,WYCHEPROOF,-36.0775,143.2268,03/02/2021,0,0,0,0,0,0,0,0
86131,"YAN YEAN",-37.5552,145.1259,03/02/2021,1,0,0,0.6,0.2,0,0,0.2
85310,"YARRAGON SOUTH",-38.2741,146.0914,03/02/2021,6.6,0.2,0,3.2,0,0,0,3.2
85151,"YARRAM AIRPORT",-38.5647,146.7479,03/02/2021,6.6,0,0,6,0,0,0,0.6
81124,YARRAWONGA,-36.0294,146.0305,03/02/2021,0,0,0,0,0,0,0,0
88067,YEA,-37.2164,145.4301,03/02/2021,0,0,0,0,0,0,0,0
87130,ROMSEY,-37.3495,144.7494,03/02/2021,0,0,0,0,0,0,0,0
88124,"TABILK (TAHBILK WINERY)",-36.8253,145.0865,03/02/2021,0,0,0,0,0,0,0,0
85167,"MEERLIEU (SPRINGVALE WEST)",-38.0051,147.3958,03/02/2021,0.8,0,0,0.6,0,0,0.2,0
